year;location;sex;baby;child;adult;senior
2019;Africa;Female;97131;231026;301220;25175
2019;Africa;Male;100186;236818;296159;20352
2020;Africa;Female;98412;236572;309698;26038
2020;Africa;Male;101498;242613;304709;21058
2019;Asia;Female;174198;516505;1345238;211963
2019;Asia;Male;189470;567035;1413582;183380
2020;Asia;Female;173546;516716;1356610;220719
2020;Asia;Male;188596;566971;1427012;190885
2019;Europe;Female;19165;57487;227055;82765
2019;Europe;Male;20228;60693;222147;57644
2020;Europe;Female;19009;57821;225593;84151
2020;Europe;Male;20061;61075;221171;58753
2019;Latin America and the Caribbean;Female;25409;77967;194285;31658
2019;Latin America and the Caribbean;Male;26562;80885;186604;24754
2020;Latin America and the Caribbean;Female;25269;77585;196551;32925
2020;Latin America and the Caribbean;Male;26420;80523;188961;25724
2019;Northern America;Female;10554;33591;107957;33048
2019;Northern America;Male;11036;35074;108429;26914
2020;Northern America;Female;10597;33435;108194;34062
2020;Northern America;Male;11079;34914;108747;27840
2019;Oceania;Female;1663;4652;11920;2804
2019;Oceania;Male;1764;4918;11929;2476
2020;Oceania;Female;1676;4705;12040;2892
2020;Oceania;Male;1778;4973;12057;2556
1984;Africa;Female;47326;98449;112129;9358
1984;Africa;Male;48441;100320;109608;7711
1985;Africa;Female;48538;101353;115428;9620
1985;Africa;Male;49689;103294;112792;7910
1986;Africa;Female;49908;104441;118550;9925
1986;Africa;Male;51122;106372;115827;8184
1987;Africa;Female;51103;107692;121879;10230
1987;Africa;Male;52360;109652;119056;8453
1988;Africa;Female;52180;111035;125397;10535
1988;Africa;Male;53468;113065;122449;8718
1989;Africa;Female;53189;114391;129087;10846
1989;Africa;Male;54502;116518;125997;8980
1990;Africa;Female;54183;117675;132951;11164
1990;Africa;Male;55525;119907;129704;9242
1991;Africa;Female;55270;121037;136677;11526
1991;Africa;Male;56648;123306;133322;9559
1992;Africa;Female;56160;124466;140627;11887
1992;Africa;Male;57563;126791;137152;9866
1993;Africa;Female;56939;127894;144784;12247
1993;Africa;Male;58361;130291;141185;10165
1994;Africa;Female;57728;131236;149128;12612
1994;Africa;Male;59169;133717;145394;10461
1995;Africa;Female;58645;134400;153646;12980
1995;Africa;Male;60112;136966;149765;10756
1996;Africa;Female;59787;137794;157806;13392
1996;Africa;Male;61292;140370;153832;11091
1997;Africa;Female;60934;141147;162153;13795
1997;Africa;Male;62477;143742;158083;11407
1998;Africa;Female;62125;144423;166706;14190
1998;Africa;Male;63708;147046;162535;11704
1999;Africa;Female;63374;147590;171492;14576
1999;Africa;Male;65002;150260;167231;11977
2000;Africa;Female;64712;150619;176539;14952
2000;Africa;Male;66395;153352;172195;12223
2001;Africa;Female;66347;153679;181427;15361
2001;Africa;Male;68108;156427;177018;12531
2002;Africa;Female;67831;156842;186614;15752
2002;Africa;Male;69652;159654;182144;12810
2003;Africa;Female;69247;160094;192059;16130
2003;Africa;Male;71118;163005;187534;13061
2004;Africa;Female;70716;163398;197729;16496
2004;Africa;Male;72640;166428;193145;13291
2005;Africa;Female;72356;166694;203598;16858
2005;Africa;Male;74344;169843;198954;13506
2006;Africa;Female;74235;170110;209386;17313
2006;Africa;Male;76304;173322;204667;13871
2007;Africa;Female;76055;173727;215420;17759
2007;Africa;Male;78195;177028;210619;14216
2008;Africa;Female;77869;177532;221659;18203
2008;Africa;Male;80076;180949;216782;14550
2009;Africa;Female;79719;181501;228085;18655
2009;Africa;Male;82003;185066;223134;14883
2010;Africa;Female;81664;185586;234683;19122
2010;Africa;Male;84040;189325;229671;15218
2011;Africa;Female;83790;189843;241232;19678
2011;Africa;Male;86269;193739;236166;15696
2012;Africa;Female;85802;194379;248001;20242
2012;Africa;Male;88379;198463;242903;16174
2013;Africa;Female;87721;199149;254983;20824
2013;Africa;Male;90394;203449;249871;16655
2014;Africa;Female;89549;204097;262191;21427
2014;Africa;Male;92311;208633;257075;17152
2015;Africa;Female;91309;209151;269637;22061
2015;Africa;Male;94155;213933;264524;17666
2016;Africa;Female;93136;214350;277071;22794
2016;Africa;Male;96072;219362;271939;18317
2017;Africa;Female;94631;219795;284856;23554
2017;Africa;Male;97625;225056;279722;18981
2018;Africa;Female;95911;225394;292930;24347
2018;Africa;Male;98939;230920;287819;19660
1984;Asia;Female;173291;477733;678820;70965
1984;Asia;Male;183688;503543;715066;60391
1985;Asia;Female;177267;480142;698433;73095
1985;Asia;Male;188185;506370;735483;62199
1986;Asia;Female;183106;482233;717403;75348
1986;Asia;Male;194649;508985;755010;64329
1987;Asia;Female;188154;484645;737695;77614
1987;Asia;Male;200283;512058;775973;66387
1988;Asia;Female;192205;487475;758838;79903
1988;Asia;Male;204871;515656;797856;68419
1989;Asia;Female;194878;490778;780379;82241
1989;Asia;Male;208044;519760;820136;70487
1990;Asia;Female;196040;494335;802086;84669
1990;Asia;Male;209674;524096;842547;72650
1991;Asia;Female;197795;497959;821733;87266
1991;Asia;Male;211944;528500;862610;75138
1992;Asia;Female;195395;503072;842785;90022
1992;Asia;Male;209971;534413;884114;77738
1993;Asia;Female;190395;509292;864342;92900
1993;Asia;Male;205317;541462;906142;80392
1994;Asia;Female;185143;515975;885157;95845
1994;Asia;Male;200334;549025;927426;83011
1995;Asia;Female;181323;522328;904638;98847
1995;Asia;Male;196721;556303;947368;85557
1996;Asia;Female;174996;529203;925405;102434
1996;Asia;Male;190600;564278;968110;88821
1997;Asia;Female;172921;534167;943764;105876
1997;Asia;Male;188685;570345;986454;91822
1998;Asia;Female;173778;537240;960870;109260
1998;Asia;Male;189681;574544;1003625;94662
1999;Asia;Female;175122;538895;978485;112724
1999;Asia;Male;191186;577373;1021464;97488
2000;Asia;Female;175324;539886;997371;116318
2000;Asia;Male;191585;579605;1040803;100371
2001;Asia;Female;177361;540577;1014444;119795
2001;Asia;Male;193710;581303;1058449;103647
2002;Asia;Female;177257;541581;1032914;123365
2002;Asia;Male;193815;583360;1077630;106956
2003;Asia;Female;175637;542593;1052617;126952
2003;Asia;Male;192463;585450;1098206;110219
2004;Asia;Female;173976;542804;1073132;130412
2004;Asia;Male;191042;586709;1119794;113280
2005;Asia;Female;173315;541427;1094323;133696
2005;Asia;Male;190538;586312;1142285;116089
2006;Asia;Female;173057;538260;1116589;137228
2006;Asia;Male;190501;583994;1165760;119292
2007;Asia;Female;173307;533803;1139722;140603
2007;Asia;Male;190820;580354;1190341;122264
2008;Asia;Female;174023;528730;1163000;143949
2008;Asia;Male;191484;576070;1215194;125122
2009;Asia;Female;174743;524102;1185649;147484
2009;Asia;Male;192087;572186;1239425;128035
2010;Asia;Female;175220;520571;1207121;151367
2010;Asia;Male;192414;569328;1262445;131125
2011;Asia;Female;175995;518033;1226732;155867
2011;Asia;Male;192959;567458;1283167;134981
2012;Asia;Female;176233;516728;1245409;160608
2012;Asia;Male;192981;566623;1303007;138876
2013;Asia;Female;176062;516368;1263036;165771
2013;Asia;Male;192604;566575;1321883;143036
2014;Asia;Female;175759;516359;1279563;171589
2014;Asia;Male;192092;566784;1339778;147776
2015;Asia;Female;175510;516238;1295013;178214
2015;Asia;Male;191632;566839;1356748;153285
2016;Asia;Female;175190;516331;1308930;185848
2016;Asia;Male;191076;567031;1372046;160155
2017;Asia;Female;174910;516377;1321742;194216
2017;Asia;Male;190587;567108;1386424;167678
2018;Asia;Female;174625;516404;1333698;203058
2018;Asia;Male;190104;567088;1400127;175565
1984;Europe;Female;24178;75910;212625;53899
1984;Europe;Male;25309;79270;203256;30362
1985;Europe;Female;24169;75339;214344;54057
1985;Europe;Male;25313;78705;205457;30203
1986;Europe;Female;24201;74920;215456;54621
1986;Europe;Male;25368;78225;207094;30536
1987;Europe;Female;24167;74600;216237;55472
1987;Europe;Male;25347;77870;208587;31003
1988;Europe;Female;24047;74358;216774;56523
1988;Europe;Male;25232;77608;209932;31583
1989;Europe;Female;23815;74149;217236;57639
1989;Europe;Male;24996;77383;211156;32244
1990;Europe;Female;23454;73929;217727;58744
1990;Europe;Male;24626;77138;212280;32962
1991;Europe;Female;23083;73738;218084;59845
1991;Europe;Male;24259;76939;212839;33988
1992;Europe;Female;22464;73578;218531;60961
1992;Europe;Male;23626;76778;213401;35053
1993;Europe;Female;21695;73412;219041;62022
1993;Europe;Male;22831;76622;213955;36077
1994;Europe;Female;20916;73192;219570;62939
1994;Europe;Male;22023;76424;214499;36963
1995;Europe;Female;20215;72873;220106;63664
1995;Europe;Male;21295;76136;215044;37661
1996;Europe;Female;19302;72492;220733;64346
1996;Europe;Male;20343;75755;215520;38530
1997;Europe;Female;18719;71874;221341;64759
1997;Europe;Male;19731;75140;215927;39180
1998;Europe;Female;18378;71034;221956;65055
1998;Europe;Male;19371;74305;216327;39715
1999;Europe;Female;18140;70029;222581;65451
1999;Europe;Male;19117;73306;216798;40279
2000;Europe;Female;17918;68936;223207;66072
2000;Europe;Male;18883;72218;217383;40941
2001;Europe;Female;17874;67818;223627;66924
2001;Europe;Male;18839;71068;217693;41929
2002;Europe;Female;17809;66655;224083;67972
2002;Europe;Male;18772;69875;218154;42989
2003;Europe;Female;17746;65455;224668;69074
2003;Europe;Male;18706;68652;218826;44010
2004;Europe;Female;17753;64209;225508;69997
2004;Europe;Male;18713;67381;219765;44822
2005;Europe;Female;17877;62905;226666;70615
2005;Europe;Male;18844;66049;220979;45350
2006;Europe;Female;18139;61706;227727;71159
2006;Europe;Male;19128;64791;221876;46020
2007;Europe;Female;18432;60501;229105;71434
2007;Europe;Male;19435;63543;223024;46465
2008;Europe;Female;18742;59339;230573;71602
2008;Europe;Male;19756;62353;224236;46818
2009;Europe;Female;19021;58295;231826;71901
2009;Europe;Male;20047;61298;225282;47256
2010;Europe;Female;19245;57408;232691;72453
2010;Europe;Male;20290;60417;226043;47864
2011;Europe;Female;19564;56757;233027;73159
2011;Europe;Male;20624;59740;226239;48742
2012;Europe;Female;19692;56348;233064;74060
2012;Europe;Male;20763;59325;226236;49740
2013;Europe;Female;19684;56155;232802;75130
2013;Europe;Male;20763;59145;226048;50816
2014;Europe;Female;19624;56126;232283;76306
2014;Europe;Male;20710;59147;225715;51904
2015;Europe;Female;19568;56205;231556;77546
2015;Europe;Male;20662;59273;225280;52969
2016;Europe;Female;19400;56465;230712;78804
2016;Europe;Male;20491;59550;224648;54198
2017;Europe;Female;19301;56786;229652;80099
2017;Europe;Male;20385;59904;223906;55383
2018;Europe;Female;19243;57137;228417;81419
2018;Europe;Male;20318;60298;223063;56524
1984;Latin America and the Caribbean;Female;26790;68547;92983;9780
1984;Latin America and the Caribbean;Male;27695;69647;90447;7915
1985;Latin America and the Caribbean;Female;26990;69536;95715;10088
1985;Latin America and the Caribbean;Male;27918;70671;92979;8125
1986;Latin America and the Caribbean;Female;27211;70487;98412;10423
1986;Latin America and the Caribbean;Male;28132;71673;95500;8386
1987;Latin America and the Caribbean;Female;27364;71448;101134;10770
1987;Latin America and the Caribbean;Male;28306;72693;98044;8646
1988;Latin America and the Caribbean;Female;27471;72410;103876;11128
1988;Latin America and the Caribbean;Male;28451;73720;100598;8909
1989;Latin America and the Caribbean;Female;27556;73358;106633;11507
1989;Latin America and the Caribbean;Male;28570;74744;103159;9180
1990;Latin America and the Caribbean;Female;27635;74277;109411;11911
1990;Latin America and the Caribbean;Male;28670;75746;105732;9460
1991;Latin America and the Caribbean;Female;27697;75134;112241;12344
1991;Latin America and the Caribbean;Male;28764;76633;108335;9799
1992;Latin America and the Caribbean;Female;27759;75976;115064;12795
1992;Latin America and the Caribbean;Male;28841;77521;110918;10144
1993;Latin America and the Caribbean;Female;27817;76796;117894;13256
1993;Latin America and the Caribbean;Male;28899;78404;113501;10489
1994;Latin America and the Caribbean;Female;27861;77578;120755;13717
1994;Latin America and the Caribbean;Male;28941;79266;116110;10826
1995;Latin America and the Caribbean;Female;27886;78300;123666;14183
1995;Latin America and the Caribbean;Male;28973;80082;118772;11155
1996;Latin America and the Caribbean;Female;27924;78891;126648;14668
1996;Latin America and the Caribbean;Male;29030;80740;121511;11533
1997;Latin America and the Caribbean;Female;27932;79423;129689;15148
1997;Latin America and the Caribbean;Male;29049;81362;124317;11901
1998;Latin America and the Caribbean;Female;27909;79903;132765;15633
1998;Latin America and the Caribbean;Male;29037;81947;127167;12262
1999;Latin America and the Caribbean;Female;27857;80325;135854;16132
1999;Latin America and the Caribbean;Male;28992;82481;130031;12626
2000;Latin America and the Caribbean;Female;27775;80685;138950;16654
2000;Latin America and the Caribbean;Male;28914;82945;132916;13000
2001;Latin America and the Caribbean;Female;27692;80948;142046;17197
2001;Latin America and the Caribbean;Male;28823;83234;135834;13436
2002;Latin America and the Caribbean;Female;27562;81152;145166;17759
2002;Latin America and the Caribbean;Male;28686;83463;138777;13878
2003;Latin America and the Caribbean;Female;27395;81307;148293;18334
2003;Latin America and the Caribbean;Male;28511;83651;141726;14327
2004;Latin America and the Caribbean;Female;27206;81419;151411;18927
2004;Latin America and the Caribbean;Male;28316;83818;144676;14779
2005;Latin America and the Caribbean;Female;27011;81496;154517;19534
2005;Latin America and the Caribbean;Male;28119;83971;147614;15241
2006;Latin America and the Caribbean;Female;26802;81545;157608;20143
2006;Latin America and the Caribbean;Male;27922;84117;150513;15734
2007;Latin America and the Caribbean;Female;26587;81556;160687;20769
2007;Latin America and the Caribbean;Male;27711;84243;153422;16231
2008;Latin America and the Caribbean;Female;26379;81523;163746;21414
2008;Latin America and the Caribbean;Male;27501;84334;156328;16738
2009;Latin America and the Caribbean;Female;26195;81435;166777;22100
2009;Latin America and the Caribbean;Male;27316;84360;159231;17266
2010;Latin America and the Caribbean;Female;26047;81280;169778;22832
2010;Latin America and the Caribbean;Male;27171;84299;162127;17819
2011;Latin America and the Caribbean;Female;25914;81069;172787;23593
2011;Latin America and the Caribbean;Male;27046;84094;165057;18437
2012;Latin America and the Caribbean;Female;25846;80788;175755;24388
2012;Latin America and the Caribbean;Male;26988;83813;167952;19069
2013;Latin America and the Caribbean;Female;25820;80449;178663;25236
2013;Latin America and the Caribbean;Male;26971;83475;170800;19730
2014;Latin America and the Caribbean;Female;25794;80071;181494;26155
2014;Latin America and the Caribbean;Male;26953;83112;173583;20435
2015;Latin America and the Caribbean;Female;25742;79668;184231;27158
2015;Latin America and the Caribbean;Male;26907;82743;176288;21197
2016;Latin America and the Caribbean;Female;25759;79215;186859;28181
2016;Latin America and the Caribbean;Male;26925;82204;178975;22025
2017;Latin America and the Caribbean;Female;25690;78778;189423;29277
2017;Latin America and the Caribbean;Male;26854;81711;181602;22896
2018;Latin America and the Caribbean;Female;25559;78361;191905;30439
2018;Latin America and the Caribbean;Male;26719;81273;184147;23810
1984;Northern America;Female;9424;28745;77601;18479
1984;Northern America;Male;9909;30797;76144;12721
1985;Northern America;Female;9584;28480;78600;18884
1985;Northern America;Male;10043;30497;77335;12943
1986;Northern America;Female;9793;28383;79474;19241
1986;Northern America;Male;10219;30289;78332;13227
1987;Northern America;Female;9961;28394;80312;19610
1987;Northern America;Male;10384;30173;79273;13499
1988;Northern America;Female;10099;28490;81115;19990
1988;Northern America;Male;10541;30140;80168;13759
1989;Northern America;Female;10221;28636;81889;20365
1989;Northern America;Male;10691;30179;81049;13998
1990;Northern America;Female;10340;28803;82646;20727
1990;Northern America;Male;10831;30279;81941;14217
1991;Northern America;Female;10481;29069;83357;20988
1991;Northern America;Male;10974;30498;82725;14457
1992;Northern America;Female;10590;29384;84064;21225
1992;Northern America;Male;11086;30802;83512;14675
1993;Northern America;Female;10668;29739;84801;21441
1993;Northern America;Male;11166;31181;84332;14875
1994;Northern America;Female;10711;30135;85614;21650
1994;Northern America;Male;11209;31617;85236;15056
1995;Northern America;Female;10726;30550;86542;21855
1995;Northern America;Male;11225;32080;86253;15219
1996;Northern America;Female;10774;31036;87546;22004
1996;Northern America;Male;11265;32582;87304;15405
1997;Northern America;Female;10715;31566;88715;22151
1997;Northern America;Male;11200;33133;88524;15579
1998;Northern America;Female;10600;32107;89977;22296
1998;Northern America;Male;11080;33699;89825;15741
1999;Northern America;Female;10496;32607;91234;22430
1999;Northern America;Male;10975;34231;91114;15894
2000;Northern America;Female;10440;33022;92428;22559
2000;Northern America;Male;10920;34679;92336;16044
2001;Northern America;Female;10315;33377;93628;22680
2001;Northern America;Male;10782;35075;93467;16290
2002;Northern America;Female;10347;33589;94732;22779
2002;Northern America;Male;10816;35317;94482;16524
2003;Northern America;Female;10479;33675;95795;22884
2003;Northern America;Male;10960;35423;95455;16760
2004;Northern America;Female;10627;33679;96893;23036
2004;Northern America;Male;11121;35442;96486;17014
2005;Northern America;Female;10744;33651;98058;23256
2005;Northern America;Male;11245;35421;97618;17294
2006;Northern America;Female;11014;33659;99046;23544
2006;Northern America;Male;11533;35390;98586;17653
2007;Northern America;Female;11150;33725;100111;23896
2007;Northern America;Male;11675;35433;99645;18035
2008;Northern America;Female;11179;33834;101188;24323
2008;Northern America;Male;11704;35533;100733;18462
2009;Northern America;Female;11157;33946;102196;24833
2009;Northern America;Male;11680;35648;101767;18955
2010;Northern America;Female;11131;34013;103094;25434
2010;Northern America;Male;11653;35728;102705;19531
2011;Northern America;Female;11142;34037;103857;26091
2011;Northern America;Male;11658;35706;103557;20201
2012;Northern America;Female;11060;34016;104608;26833
2012;Northern America;Male;11571;35648;104417;20944
2013;Northern America;Female;10931;33957;105320;27637
2013;Northern America;Male;11437;35557;105243;21740
2014;Northern America;Female;10800;33879;105968;28487
2014;Northern America;Male;11301;35450;106009;22568
2015;Northern America;Female;10697;33789;106534;29374
2015;Northern America;Male;11192;35342;106691;23415
2016;Northern America;Female;10518;33825;107007;30274
2016;Northern America;Male;11008;35351;107252;24294
2017;Northern America;Female;10463;33803;107383;31173
2017;Northern America;Male;10948;35309;107706;25158
2018;Northern America;Female;10494;33722;107689;32088
2018;Northern America;Male;10978;35214;108086;26026
1984;Oceania;Female;1162;3389;6592;1190
1984;Oceania;Male;1226;3555;6752;873
1985;Oceania;Female;1183;3399;6732;1225
1985;Oceania;Male;1249;3568;6897;896
1986;Oceania;Female;1217;3412;6865;1257
1986;Oceania;Male;1284;3581;7030;926
1987;Oceania;Female;1234;3435;7007;1296
1987;Oceania;Male;1302;3606;7167;957
1988;Oceania;Female;1239;3465;7152;1334
1988;Oceania;Male;1308;3639;7306;991
1989;Oceania;Female;1243;3497;7297;1373
1989;Oceania;Male;1313;3676;7445;1023
1990;Oceania;Female;1253;3525;7442;1411
1990;Oceania;Male;1323;3708;7583;1055
1991;Oceania;Female;1261;3550;7589;1449
1991;Oceania;Male;1332;3733;7721;1090
1992;Oceania;Female;1274;3568;7738;1484
1992;Oceania;Male;1347;3754;7857;1125
1993;Oceania;Female;1292;3584;7883;1521
1993;Oceania;Male;1367;3772;7992;1157
1994;Oceania;Female;1309;3602;8023;1553
1994;Oceania;Male;1385;3794;8124;1188
1995;Oceania;Female;1321;3626;8163;1585
1995;Oceania;Male;1400;3822;8257;1217
1996;Oceania;Female;1336;3651;8296;1613
1996;Oceania;Male;1420;3847;8388;1247
1997;Oceania;Female;1344;3685;8426;1642
1997;Oceania;Male;1431;3886;8513;1276
1998;Oceania;Female;1348;3724;8555;1666
1998;Oceania;Male;1437;3935;8638;1302
1999;Oceania;Female;1351;3766;8683;1692
1999;Oceania;Male;1442;3990;8758;1331
2000;Oceania;Female;1354;3807;8816;1721
2000;Oceania;Male;1445;4044;8881;1360
2001;Oceania;Female;1353;3852;8950;1745
2001;Oceania;Male;1440;4095;9009;1392
2002;Oceania;Female;1353;3888;9094;1776
2002;Oceania;Male;1438;4137;9144;1426
2003;Oceania;Female;1357;3917;9246;1808
2003;Oceania;Male;1440;4171;9290;1462
2004;Oceania;Female;1365;3947;9410;1843
2004;Oceania;Male;1447;4203;9448;1501
2005;Oceania;Female;1381;3976;9584;1883
2005;Oceania;Male;1463;4237;9624;1544
2006;Oceania;Female;1399;4023;9766;1921
2006;Oceania;Male;1482;4290;9806;1584
2007;Oceania;Female;1427;4066;9961;1961
2007;Oceania;Male;1512;4338;10003;1630
2008;Oceania;Female;1462;4102;10165;2009
2008;Oceania;Male;1550;4378;10216;1680
2009;Oceania;Female;1496;4135;10369;2063
2009;Oceania;Male;1586;4410;10430;1734
2010;Oceania;Female;1524;4167;10569;2125
2010;Oceania;Male;1616;4438;10638;1798
2011;Oceania;Female;1558;4217;10735;2188
2011;Oceania;Male;1655;4485;10791;1871
2012;Oceania;Female;1577;4271;10903;2257
2012;Oceania;Male;1675;4536;10938;1947
2013;Oceania;Female;1585;4324;11069;2332
2013;Oceania;Male;1683;4587;11088;2026
2014;Oceania;Female;1591;4377;11233;2408
2014;Oceania;Male;1688;4639;11239;2104
2015;Oceania;Female;1601;4426;11392;2483
2015;Oceania;Male;1699;4689;11388;2178
2016;Oceania;Female;1606;4489;11536;2565
2016;Oceania;Male;1703;4750;11531;2256
2017;Oceania;Female;1621;4547;11670;2644
2017;Oceania;Male;1719;4806;11668;2331
2018;Oceania;Female;1643;4601;11798;2723
2018;Oceania;Male;1743;4863;11801;2403
1950;Africa;Female;19129;39260;52119;4075
1950;Africa;Male;19441;39526;50929;3312
1951;Africa;Female;19745;39995;52996;4149
1951;Africa;Male;20076;40250;51742;3376
1952;Africa;Female;20266;40822;53991;4217
1952;Africa;Male;20591;41093;52685;3431
1953;Africa;Female;20738;41705;55086;4280
1953;Africa;Male;21058;42011;53734;3478
1954;Africa;Female;21218;42604;56268;4335
1954;Africa;Male;21541;42960;54868;3520
1955;Africa;Female;21773;43461;57519;4384
1955;Africa;Male;22111;43877;56073;3551
1956;Africa;Female;22491;44442;58523;4492
1956;Africa;Male;22827;44922;57065;3646
1957;Africa;Female;23081;45544;59647;4596
1957;Africa;Male;23434;46091;58165;3736
1958;Africa;Female;23611;46731;60864;4692
1958;Africa;Male;23991;47345;59354;3817
1959;Africa;Female;24155;47955;62161;4787
1959;Africa;Male;24562;48632;60619;3891
1960;Africa;Female;24786;49160;63523;4882
1960;Africa;Male;25215;49892;61947;3959
1961;Africa;Female;25541;50560;64651;5027
1961;Africa;Male;26014;51315;63029;4081
1962;Africa;Female;26228;52065;65883;5172
1962;Africa;Male;26726;52851;64204;4194
1963;Africa;Female;26887;53631;67218;5310
1963;Africa;Male;27399;54460;65476;4303
1964;Africa;Female;27553;55216;68656;5442
1964;Africa;Male;28077;56090;66858;4403
1965;Africa;Female;28271;56764;70195;5570
1965;Africa;Male;28818;57683;68352;4495
1966;Africa;Female;29148;58454;71515;5732
1966;Africa;Male;29728;59403;69639;4639
1967;Africa;Female;29884;60257;72991;5887
1967;Africa;Male;30491;61255;71093;4772
1968;Africa;Female;30551;62124;74612;6035
1968;Africa;Male;31181;63183;72692;4901
1969;Africa;Female;31238;63988;76363;6181
1969;Africa;Male;31891;65119;74411;5024
1970;Africa;Female;32033;65781;78233;6322
1970;Africa;Male;32708;66987;76241;5142
1971;Africa;Female;32978;67707;79918;6520
1971;Africa;Male;33667;68948;77925;5317
1972;Africa;Female;33872;69710;81750;6715
1972;Africa;Male;34581;70986;79741;5484
1973;Africa;Female;34763;71758;83720;6904
1973;Africa;Male;35494;73073;81691;5641
1974;Africa;Female;35694;73819;85836;7090
1974;Africa;Male;36448;75179;83788;5791
1975;Africa;Female;36719;75851;88101;7268
1975;Africa;Male;37504;77260;86039;5933
1976;Africa;Female;37933;77985;90245;7488
1976;Africa;Male;38771;79383;88209;6133
1977;Africa;Female;39045;80247;92581;7702
1977;Africa;Male;39923;81672;90558;6324
1978;Africa;Female;40113;82602;95093;7913
1978;Africa;Male;41022;84086;93063;6510
1979;Africa;Female;41205;85000;97758;8128
1979;Africa;Male;42142;86562;95695;6694
1980;Africa;Female;42392;87381;100569;8347
1980;Africa;Male;43358;89021;98446;6875
1981;Africa;Female;43752;89967;103186;8600
1981;Africa;Male;44755;91662;100987;7095
1982;Africa;Female;44993;92701;105998;8850
1982;Africa;Male;46034;94451;103703;7306
1983;Africa;Female;46167;95544;108983;9104
1983;Africa;Male;47245;97350;106576;7510
1950;Asia;Female;98180;217677;338759;30944
1950;Asia;Male;102440;233042;358192;25672
1951;Asia;Female;104718;220744;343761;31619
1951;Asia;Male;109145;236036;363562;26235
1952;Asia;Female;111494;223649;347975;32063
1952;Asia;Male;116492;238705;367879;26575
1953;Asia;Female;116924;227128;352625;32375
1953;Asia;Male;122509;241950;372616;26768
1954;Asia;Female;120550;231469;358225;32581
1954;Asia;Male;126566;246113;378431;26833
1955;Asia;Female;122924;236504;364684;32682
1955;Asia;Male;129193;251044;385249;26758
1956;Asia;Female;127088;241948;369027;33101
1956;Asia;Male;133903;256274;389594;27185
1957;Asia;Female;128276;249231;375047;33487
1957;Asia;Male;135160;263620;395876;27542
1958;Asia;Female;128043;257797;381831;33782
1958;Asia;Male;134741;272466;403028;27771
1959;Asia;Female;127963;266925;388536;33954
1959;Asia;Male;134470;281998;410063;27840
1960;Asia;Female;129106;275830;394835;34010
1960;Asia;Male;135601;291312;416605;27741
1961;Asia;Female;129008;285789;401016;34866
1961;Asia;Male;135270;301696;423167;28572
1962;Asia;Female;131548;294716;406397;35542
1962;Asia;Male;138015;310862;428747;29203
1963;Asia;Female;136037;302748;411708;36102
1963;Asia;Male;143007;319034;434150;29683
1964;Asia;Female;141103;310473;417954;36637
1964;Asia;Male;148578;326973;440518;30084
1965;Asia;Female;145887;318489;425547;37193
1965;Asia;Male;153652;335434;448344;30427
1966;Asia;Female;152076;326949;431993;38515
1966;Asia;Male;160093;344352;454975;31651
1967;Asia;Female;156746;336729;439886;39910
1967;Asia;Male;164750;354827;463192;32881
1968;Asia;Female;160183;347371;449098;41346
1968;Asia;Male;167982;366317;472877;34095
1969;Asia;Female;163015;358000;459446;42780
1969;Asia;Male;170623;377759;483826;35256
1970;Asia;Female;165770;367774;470886;44194
1970;Asia;Male;173364;388158;495976;36357
1971;Asia;Female;168904;376894;482433;45850
1971;Asia;Male;176508;397787;508210;37867
1972;Asia;Female;170531;385962;495618;47508
1972;Asia;Male;178384;407144;522163;39328
1973;Asia;Female;171095;394981;509834;49159
1973;Asia;Male;179365;416307;537211;40741
1974;Asia;Female;170954;404143;524360;50816
1974;Asia;Male;179632;425617;552624;42134
1975;Asia;Female;170471;413369;538793;52485
1975;Asia;Male;179415;435119;567991;43529
1976;Asia;Female;169278;423297;552452;54488
1976;Asia;Male;178569;445360;582365;45374
1977;Asia;Female;167727;433141;566173;56487
1977;Asia;Male;177095;455685;596931;47207
1978;Asia;Female;166197;442518;580211;58490
1978;Asia;Male;175462;465661;611907;49021
1979;Asia;Female;165211;450940;594927;60483
1979;Asia;Male;174382;474679;627574;50793
1980;Asia;Female;165151;458127;610506;62462
1980;Asia;Male;174361;482366;644084;52522
1981;Asia;Female;165006;465074;626713;64689
1981;Asia;Male;174156;489910;661034;54644
1982;Asia;Female;166647;470515;643237;66811
1982;Asia;Male;176037;495750;678198;56642
1983;Asia;Female;169619;474632;660459;68881
1983;Asia;Male;179473;500147;696026;58548
1950;Europe;Female;25350;69397;172149;25971
1950;Europe;Male;26334;70215;142147;17766
1951;Europe;Female;26860;68577;173204;26586
1951;Europe;Male;27929;69523;143567;18076
1952;Europe;Female;27175;68642;174664;27281
1952;Europe;Male;28305;69769;145445;18411
1953;Europe;Female;27140;69267;176027;27968
1953;Europe;Male;28314;70570;147293;18703
1954;Europe;Female;27079;70091;177303;28613
1954;Europe;Male;28283;71546;149122;18932
1955;Europe;Female;27175;70724;178658;29227
1955;Europe;Male;28404;72310;151075;19106
1956;Europe;Female;26932;71256;180344;29944
1956;Europe;Male;28188;73037;153228;19444
1957;Europe;Female;27070;71469;182017;30600
1957;Europe;Male;28343;73445;155399;19704
1958;Europe;Female;27415;71544;183639;31244
1958;Europe;Male;28697;73726;157551;19926
1959;Europe;Female;27753;71816;185068;31925
1959;Europe;Male;29042;74213;159548;20149
1960;Europe;Female;27926;72548;186191;32667
1960;Europe;Male;29226;75162;161293;20397
1961;Europe;Female;28069;73629;186920;33538
1961;Europe;Male;29388;76438;162613;20841
1962;Europe;Female;28074;75123;187376;34437
1962;Europe;Male;29404;78119;163720;21282
1963;Europe;Female;27937;76836;187679;35378
1963;Europe;Male;29271;80006;164736;21729
1964;Europe;Female;27731;78433;188015;36360
1964;Europe;Male;29059;81745;165836;22187
1965;Europe;Female;27494;79687;188511;37382
1965;Europe;Male;28806;83099;167142;22662
1966;Europe;Female;27211;80673;189075;38448
1966;Europe;Male;28530;84151;168358;23315
1967;Europe;Female;26873;81319;189834;39537
1967;Europe;Male;28167;84851;169807;23958
1968;Europe;Female;26514;81689;190737;40644
1968;Europe;Male;27761;85265;171440;24586
1969;Europe;Female;26175;81909;191695;41775
1969;Europe;Male;27371;85518;173144;25203
1970;Europe;Female;25886;82062;192637;42934
1970;Europe;Male;27048;85687;174853;25811
1971;Europe;Female;25539;82149;193674;44139
1971;Europe;Male;26713;85769;176491;26582
1972;Europe;Female;25362;82069;194748;45301
1972;Europe;Male;26540;85689;178172;27283
1973;Europe;Female;25296;81832;195850;46452
1973;Europe;Male;26476;85460;179917;27924
1974;Europe;Female;25239;81465;196983;47643
1974;Europe;Male;26420;85105;181761;28518
1975;Europe;Female;25125;81002;198142;48881
1975;Europe;Male;26303;84651;183725;29067
1976;Europe;Female;25108;80560;199034;50187
1976;Europe;Male;26303;84176;185316;29814
1977;Europe;Female;24949;80096;199967;51544
1977;Europe;Male;26137;83686;187055;30525
1978;Europe;Female;24697;79607;201034;52823
1978;Europe;Male;25863;83175;188973;31113
1979;Europe;Female;24450;79072;202369;53812
1979;Europe;Male;25592;82618;191120;31451
1980;Europe;Female;24289;78457;204038;54408
1980;Europe;Male;25418;81977;193505;31478
1981;Europe;Female;24175;77866;205939;54639
1981;Europe;Male;25290;81328;195819;31460
1982;Europe;Female;24136;77221;208169;54458
1982;Europe;Male;25248;80631;198308;31155
1983;Europe;Female;24155;76550;210503;54099
1983;Europe;Male;25274;79926;200843;30720
1950;Latin America and the Caribbean;Female;13417;28799;39017;3187
1950;Latin America and the Caribbean;Male;13743;29261;38659;2741
1951;Latin America and the Caribbean;Female;13990;29466;39928;3274
1951;Latin America and the Caribbean;Male;14324;29956;39531;2817
1952;Latin America and the Caribbean;Female;14560;30208;40851;3360
1952;Latin America and the Caribbean;Male;14903;30723;40418;2891
1953;Latin America and the Caribbean;Female;15106;31022;41806;3453
1953;Latin America and the Caribbean;Male;15459;31560;41337;2965
1954;Latin America and the Caribbean;Female;15617;31892;42811;3545
1954;Latin America and the Caribbean;Male;15980;32453;42311;3038
1955;Latin America and the Caribbean;Female;16109;32793;43874;3639
1955;Latin America and the Caribbean;Male;16486;33375;43343;3106
1956;Latin America and the Caribbean;Female;16696;33749;44827;3763
1956;Latin America and the Caribbean;Male;17094;34342;44263;3215
1957;Latin America and the Caribbean;Female;17155;34818;45870;3887
1957;Latin America and the Caribbean;Male;17568;35428;45275;3319
1958;Latin America and the Caribbean;Female;17544;35977;46970;4014
1958;Latin America and the Caribbean;Male;17970;36609;46345;3427
1959;Latin America and the Caribbean;Female;17934;37196;48095;4146
1959;Latin America and the Caribbean;Male;18372;37848;47444;3531
1960;Latin America and the Caribbean;Female;18382;38436;49233;4284
1960;Latin America and the Caribbean;Male;18833;39108;48552;3640
1961;Latin America and the Caribbean;Female;18830;39760;50356;4453
1961;Latin America and the Caribbean;Male;19300;40439;49648;3783
1962;Latin America and the Caribbean;Female;19337;41104;51490;4624
1962;Latin America and the Caribbean;Male;19822;41792;50755;3924
1963;Latin America and the Caribbean;Female;19878;42458;52653;4799
1963;Latin America and the Caribbean;Male;20376;43158;51896;4063
1964;Latin America and the Caribbean;Female;20396;43824;53886;4974
1964;Latin America and the Caribbean;Male;20906;44538;53105;4202
1965;Latin America and the Caribbean;Female;20856;45199;55203;5152
1965;Latin America and the Caribbean;Male;21380;45931;54397;4340
1966;Latin America and the Caribbean;Female;21384;46603;56449;5338
1966;Latin America and the Caribbean;Male;21924;47342;55611;4503
1967;Latin America and the Caribbean;Female;21748;48090;57810;5530
1967;Latin America and the Caribbean;Male;22303;48843;56938;4666
1968;Latin America and the Caribbean;Female;21997;49622;59272;5723
1968;Latin America and the Caribbean;Male;22564;50396;58364;4828
1969;Latin America and the Caribbean;Female;22213;51139;60823;5921
1969;Latin America and the Caribbean;Male;22791;51934;59876;4989
1970;Latin America and the Caribbean;Female;22460;52581;62456;6123
1970;Latin America and the Caribbean;Male;23049;53393;61467;5146
1971;Latin America and the Caribbean;Female;22695;54004;64147;6347
1971;Latin America and the Caribbean;Male;23307;54814;63091;5334
1972;Latin America and the Caribbean;Female;22945;55365;65929;6566
1972;Latin America and the Caribbean;Male;23574;56175;64802;5514
1973;Latin America and the Caribbean;Female;23218;56658;67795;6793
1973;Latin America and the Caribbean;Male;23859;57475;66594;5687
1974;Latin America and the Caribbean;Female;23506;57897;69734;7024
1974;Latin America and the Caribbean;Male;24162;58730;68464;5863
1975;Latin America and the Caribbean;Female;23810;59090;71739;7265
1975;Latin America and the Caribbean;Male;24487;59948;70401;6037
1976;Latin America and the Caribbean;Female;24158;60215;73778;7534
1976;Latin America and the Caribbean;Male;24866;61118;72342;6259
1977;Latin America and the Caribbean;Female;24514;61323;75862;7812
1977;Latin America and the Caribbean;Male;25253;62285;74333;6479
1978;Latin America and the Caribbean;Female;24874;62410;78009;8093
1978;Latin America and the Caribbean;Male;25641;63441;76384;6694
1979;Latin America and the Caribbean;Female;25231;63470;80257;8374
1979;Latin America and the Caribbean;Male;26020;64568;78525;6902
1980;Latin America and the Caribbean;Female;25584;64492;82624;8651
1980;Latin America and the Caribbean;Male;26389;65643;80770;7097
1981;Latin America and the Caribbean;Female;25999;65490;85038;8932
1981;Latin America and the Caribbean;Male;26840;66619;83043;7314
1982;Latin America and the Caribbean;Female;26324;66506;87598;9209
1982;Latin America and the Caribbean;Male;27189;67611;85443;7517
1983;Latin America and the Caribbean;Female;26578;67530;90266;9489
1983;Latin America and the Caribbean;Male;27462;68621;87927;7717
1950;Northern America;Female;9230;19718;49948;7477
1950;Northern America;Male;9652;20398;49563;6618
1951;Northern America;Female;9520;20137;50296;7727
1951;Northern America;Male;9946;20792;49795;6805
1952;Northern America;Female;9716;20711;50727;7984
1952;Northern America;Male;10144;21372;50130;6992
1953;Northern America;Female;9911;21396;51167;8248
1953;Northern America;Male;10345;22099;50471;7172
1954;Northern America;Female;10137;22161;51590;8518
1954;Northern America;Male;10579;22931;50789;7346
1955;Northern America;Female;10388;22972;51998;8800
1955;Northern America;Male;10839;23828;51095;7512
1956;Northern America;Female;10543;23844;52480;9081
1956;Northern America;Male;11005;24744;51487;7706
1957;Northern America;Female;10758;24708;52941;9353
1957;Northern America;Male;11229;25646;51877;7875
1958;Northern America;Female;10979;25555;53411;9619
1958;Northern America;Male;11455;26538;52290;8023
1959;Northern America;Female;11152;26387;53924;9882
1959;Northern America;Male;11630;27418;52764;8148
1960;Northern America;Female;11240;27208;54482;10145
1960;Northern America;Male;11721;28291;53307;8254
1961;Northern America;Female;11348;28091;54880;10429
1961;Northern America;Male;11847;29187;53702;8402
1962;Northern America;Female;11320;28966;55358;10711
1962;Northern America;Male;11823;30088;54202;8527
1963;Northern America;Female;11183;29801;55915;10994
1963;Northern America;Male;11678;30971;54780;8639
1964;Northern America;Female;10988;30558;56538;11284
1964;Northern America;Male;11469;31791;55414;8743
1965;Northern America;Female;10776;31204;57217;11581
1965;Northern America;Male;11244;32494;56097;8843
1966;Northern America;Female;10508;31790;57939;11889
1966;Northern America;Male;10980;33023;56831;9003
1967;Northern America;Female;10239;32249;58717;12207
1967;Northern America;Male;10701;33459;57600;9155
1968;Northern America;Female;9984;32583;59546;12537
1968;Northern America;Male;10432;33832;58368;9300
1969;Northern America;Female;9750;32813;60415;12875
1969;Northern America;Male;10188;34154;59155;9436
1970;Northern America;Female;9535;32965;61320;13218
1970;Northern America;Male;9969;34425;59999;9560
1971;Northern America;Female;9248;33088;62306;13570
1971;Northern America;Male;9648;34573;61023;9758
1972;Northern America;Female;9091;33070;63289;13921
1972;Northern America;Male;9485;34539;62122;9931
1973;Northern America;Female;9022;32925;64299;14288
1973;Northern America;Male;9424;34360;63291;10093
1974;Northern America;Female;8984;32677;65380;14673
1974;Northern America;Male;9399;34072;64535;10252
1975;Northern America;Female;8938;32355;66554;15068
1975;Northern America;Male;9365;33708;65855;10407
1976;Northern America;Female;8974;32000;67740;15438
1976;Northern America;Male;9473;33497;66758;10672
1977;Northern America;Female;8956;31619;69033;15816
1977;Northern America;Male;9493;33281;67740;10943
1978;Northern America;Female;8907;31213;70384;16207
1978;Northern America;Male;9459;33065;68773;11229
1979;Northern America;Female;8877;30777;71732;16611
1979;Northern America;Male;9433;32828;69834;11519
1980;Northern America;Female;8905;30302;73037;17022
1980;Northern America;Male;9467;32545;70921;11806
1981;Northern America;Female;8996;29890;74243;17387
1981;Northern America;Male;9577;32060;72207;12057
1982;Northern America;Female;9116;29476;75417;17741
1982;Northern America;Male;9681;31591;73543;12283
1983;Northern America;Female;9265;29085;76539;18099
1983;Northern America;Male;9791;31164;74873;12501
1950;Oceania;Female;770;1609;3488;500
1950;Oceania;Male;810;1696;3656;445
1951;Oceania;Female;799;1655;3539;516
1951;Oceania;Male;839;1747;3714;456
1952;Oceania;Female;816;1712;3586;533
1952;Oceania;Male;856;1808;3766;467
1953;Oceania;Female;832;1776;3626;550
1953;Oceania;Male;871;1871;3816;475
1954;Oceania;Female;849;1843;3669;567
1954;Oceania;Male;888;1941;3866;480
1955;Oceania;Female;867;1913;3710;580
1955;Oceania;Male;908;2012;3920;482
1956;Oceania;Female;878;1991;3760;597
1956;Oceania;Male;920;2092;3970;494
1957;Oceania;Female;897;2065;3812;614
1957;Oceania;Male;940;2169;4022;502
1958;Oceania;Female;920;2138;3867;631
1958;Oceania;Male;965;2245;4080;506
1959;Oceania;Female;942;2209;3927;647
1959;Oceania;Male;989;2317;4144;511
1960;Oceania;Female;961;2279;3991;661
1960;Oceania;Male;1009;2390;4213;517
1961;Oceania;Female;984;2353;4049;677
1961;Oceania;Male;1035;2465;4267;522
1962;Oceania;Female;999;2427;4113;693
1962;Oceania;Male;1052;2544;4329;530
1963;Oceania;Female;1010;2503;4188;710
1963;Oceania;Male;1063;2623;4399;535
1964;Oceania;Female;1020;2576;4268;726
1964;Oceania;Male;1073;2700;4482;540
1965;Oceania;Female;1033;2647;4361;743
1965;Oceania;Male;1086;2773;4579;545
1966;Oceania;Female;1047;2724;4467;756
1966;Oceania;Male;1101;2850;4678;557
1967;Oceania;Female;1060;2797;4588;768
1967;Oceania;Male;1115;2926;4795;568
1968;Oceania;Female;1075;2864;4720;781
1968;Oceania;Male;1128;2994;4922;578
1969;Oceania;Female;1089;2925;4853;793
1969;Oceania;Male;1142;3058;5055;589
1970;Oceania;Female;1102;2981;4983;807
1970;Oceania;Male;1155;3116;5180;598
1971;Oceania;Female;1115;3031;5095;832
1971;Oceania;Male;1169;3170;5289;617
1972;Oceania;Female;1131;3076;5201;855
1972;Oceania;Male;1186;3219;5392;633
1973;Oceania;Female;1147;3115;5305;878
1973;Oceania;Male;1202;3263;5489;650
1974;Oceania;Female;1156;3149;5412;903
1974;Oceania;Male;1212;3301;5591;663
1975;Oceania;Female;1158;3176;5523;928
1975;Oceania;Male;1214;3331;5697;681
1976;Oceania;Female;1170;3204;5615;954
1976;Oceania;Male;1228;3357;5781;704
1977;Oceania;Female;1160;3235;5718;984
1977;Oceania;Male;1219;3388;5875;725
1978;Oceania;Female;1139;3271;5823;1015
1978;Oceania;Male;1196;3422;5977;748
1979;Oceania;Female;1119;3304;5936;1045
1979;Oceania;Male;1177;3457;6083;769
1980;Oceania;Female;1112;3334;6049;1073
1980;Oceania;Male;1171;3488;6194;788
1981;Oceania;Female;1098;3360;6183;1104
1981;Oceania;Male;1158;3514;6329;812
1982;Oceania;Female;1108;3375;6318;1132
1982;Oceania;Male;1169;3533;6467;833
1983;Oceania;Female;1134;3384;6452;1160
1983;Oceania;Male;1196;3545;6605;853
